文件名,章名,小节名,题型
ch01.tex,函数、极限、连续,第一节 函数,复合函数解析式求解
ch01.tex,函数、极限、连续,第一节 函数,分段复合函数的解析求解
ch01.tex,函数、极限、连续,第一节 函数,函数奇偶性、周期性、有界性判定
ch01.tex,函数、极限、连续,第一节 函数,分段函数定义域与值域求解
ch01.tex,函数、极限、连续,第一节 函数,函数性质的综合应用
ch01.tex,函数、极限、连续,第一节 函数,应用问题的函数关系建立
ch01.tex,函数、极限、连续,第一节 函数,抽象函数的性质分析
ch01.tex,函数、极限、连续,第一节 函数,函数图像的识别与绘制（结合初等函数性质）
ch01.tex,函数、极限、连续,第二节 极限,极限的概念性问题（存在性判断、左右极限求解）
ch01.tex,函数、极限、连续,第二节 极限,利用四则运算、重要极限求极限
ch01.tex,函数、极限、连续,第二节 极限,利用夹逼准则、单调有界准则求极限
ch01.tex,函数、极限、连续,第二节 极限,无穷小量阶的比较
ch01.tex,函数、极限、连续,第二节 极限,极限式中参数的确定
ch01.tex,函数、极限、连续,第二节 极限,无穷大量与无界变量的区分
ch01.tex,函数、极限、连续,第二节 极限,含变限积分的极限计算
ch01.tex,函数、极限、连续,第二节 极限,利用泰勒公式求极限
ch01.tex,函数、极限、连续,第二节 极限,数列极限的转化（转化为函数极限求解）
ch01.tex,函数、极限、连续,第二节 极限,含抽象函数的极限问题
ch01.tex,函数、极限、连续,第三节 连续,函数连续性的判定
ch01.tex,函数、极限、连续,第三节 连续,函数间断点的识别与类型判断
ch01.tex,函数、极限、连续,第三节 连续,闭区间上连续函数性质的应用
ch01.tex,函数、极限、连续,第三节 连续,利用连续性求极限
ch01.tex,函数、极限、连续,第三节 连续,分段函数连续性的讨论（含参数）
ch01.tex,函数、极限、连续,第三节 连续,利用介值定理证明方程根的存在性
ch02.tex,一元函数微分学,第一节 导数与微分的概念,导数的定义与几何意义
ch02.tex,一元函数微分学,第一节 导数与微分的概念,函数可导性与连续性的关系
ch02.tex,一元函数微分学,第一节 导数与微分的概念,微分的概念与几何意义
ch02.tex,一元函数微分学,第一节 导数与微分的概念,导数与微分的区别与联系
ch02.tex,一元函数微分学,第一节 导数与微分的概念,利用导数定义求极限
ch02.tex,一元函数微分学,第一节 导数与微分的概念,分段函数的可导性讨论（含参数）
ch02.tex,一元函数微分学,第二节 导数的计算,基本初等函数的导数公式
ch02.tex,一元函数微分学,第二节 导数的计算,导数的四则运算
ch02.tex,一元函数微分学,第二节 导数的计算,复合函数的求导法则
ch02.tex,一元函数微分学,第二节 导数的计算,隐函数的导数
ch02.tex,一元函数微分学,第二节 导数的计算,参数方程确定的函数的导数
ch02.tex,一元函数微分学,第二节 导数的计算,反函数的导数
ch02.tex,一元函数微分学,第二节 导数的计算,高阶导数的计算
ch02.tex,一元函数微分学,第二节 导数的计算,分段函数的导数计算
ch02.tex,一元函数微分学,第三节 微分中值定理,罗尔定理的条件与应用
ch02.tex,一元函数微分学,第三节 微分中值定理,拉格朗日中值定理的条件与应用
ch02.tex,一元函数微分学,第三节 微分中值定理,柯西中值定理的条件与应用
ch02.tex,一元函数微分学,第三节 微分中值定理,泰勒定理的条件与应用
ch02.tex,一元函数微分学,第三节 微分中值定理,利用中值定理证明等式
ch02.tex,一元函数微分学,第三节 微分中值定理,利用中值定理证明不等式
ch02.tex,一元函数微分学,第四节 导数的应用,洛必达法则的应用
ch02.tex,一元函数微分学,第四节 导数的应用,函数单调性的判别
ch02.tex,一元函数微分学,第四节 导数的应用,函数极值的求解
ch02.tex,一元函数微分学,第四节 导数的应用,函数凹凸性与拐点的判定
ch02.tex,一元函数微分学,第四节 导数的应用,函数渐近线的求解
ch02.tex,一元函数微分学,第四节 导数的应用,函数最大值与最小值的求解
ch02.tex,一元函数微分学,第四节 导数的应用,利用导数证明不等式
ch02.tex,一元函数微分学,第四节 导数的应用,导数在经济中的应用（仅数学三）
ch02.tex,一元函数微分学,第四节 导数的应用,曲率与曲率半径的计算（仅数学一、二）
ch03.tex,一元函数积分学,第一节 不定积分与定积分的概念及性质,原函数存在性判断
ch03.tex,一元函数积分学,第一节 不定积分与定积分的概念及性质,不定积分的基本计算
ch03.tex,一元函数积分学,第一节 不定积分与定积分的概念及性质,定积分的概念应用
ch03.tex,一元函数积分学,第一节 不定积分与定积分的概念及性质,定积分性质的应用
ch03.tex,一元函数积分学,第一节 不定积分与定积分的概念及性质,定积分中值定理的应用
ch03.tex,一元函数积分学,第一节 不定积分与定积分的概念及性质,利用定积分性质比较积分大小
ch03.tex,一元函数积分学,第一节 不定积分与定积分的概念及性质,原函数的构造与判断
ch03.tex,一元函数积分学,第一节 不定积分与定积分的概念及性质,含抽象函数的定积分性质应用
ch03.tex,一元函数积分学,第二节 积分的计算方法,积分上限函数的导数计算
ch03.tex,一元函数积分学,第二节 积分的计算方法,牛顿-莱布尼茨公式的应用
ch03.tex,一元函数积分学,第二节 积分的计算方法,换元积分法与分部积分法计算积分
ch03.tex,一元函数积分学,第二节 积分的计算方法,有理函数积分
ch03.tex,一元函数积分学,第二节 积分的计算方法,三角函数有理式积分
ch03.tex,一元函数积分学,第二节 积分的计算方法,简单无理函数积分
ch03.tex,一元函数积分学,第二节 积分的计算方法,含变限积分的方程求解
ch03.tex,一元函数积分学,第二节 积分的计算方法,分部积分法的综合应用（多次分部、递推公式）
ch03.tex,一元函数积分学,第二节 积分的计算方法,利用对称性简化定积分计算
ch03.tex,一元函数积分学,第二节 积分的计算方法,含绝对值、分段函数的定积分计算
ch03.tex,一元函数积分学,第三节 反常积分与定积分的应用,反常积分的计算与收敛性判断
ch03.tex,一元函数积分学,第三节 反常积分与定积分的应用,平面图形面积的计算
ch03.tex,一元函数积分学,第三节 反常积分与定积分的应用,平面曲线弧长的计算
ch03.tex,一元函数积分学,第三节 反常积分与定积分的应用,旋转体体积与侧面积的计算
ch03.tex,一元函数积分学,第三节 反常积分与定积分的应用,平行截面面积为已知的立体体积计算
ch03.tex,一元函数积分学,第三节 反常积分与定积分的应用,定积分在物理中的应用
ch03.tex,一元函数积分学,第三节 反常积分与定积分的应用,函数平均值的计算
ch03.tex,一元函数积分学,第三节 反常积分与定积分的应用,反常积分敛散性的比较判别法应用
ch03.tex,一元函数积分学,第三节 反常积分与定积分的应用,旋转体体积的综合计算（含挖去部分、组合旋转体）
ch03.tex,一元函数积分学,第三节 反常积分与定积分的应用,定积分在几何中的综合应用（面积与体积结合）
ch03.tex,一元函数积分学,第三节 反常积分与定积分的应用,物理应用中的变力做功、压力计算的综合问题
ch04.tex,向量代数和空间解析几何,第一节 向量代数,向量的线性运算、数量积、向量积、混合积计算
ch04.tex,向量代数和空间解析几何,第一节 向量代数,两向量平行、垂直条件的应用
ch04.tex,向量代数和空间解析几何,第一节 向量代数,向量夹角的计算
ch04.tex,向量代数和空间解析几何,第一节 向量代数,单位向量、方向数与方向余弦的求解
ch04.tex,向量代数和空间解析几何,第一节 向量代数,利用混合积判断三向量共面
ch04.tex,向量代数和空间解析几何,第一节 向量代数,向量积的几何意义应用（求平行四边形面积）
ch04.tex,向量代数和空间解析几何,第一节 向量代数,空间点到直线的距离计算（利用向量积）
ch04.tex,向量代数和空间解析几何,第二节 空间解析几何,平面方程的求解
ch04.tex,向量代数和空间解析几何,第二节 空间解析几何,直线方程的求解
ch04.tex,向量代数和空间解析几何,第二节 空间解析几何,平面与平面、直线与直线、平面与直线的平行、垂直判定及夹角计算
ch04.tex,向量代数和空间解析几何,第二节 空间解析几何,点到平面、点到直线距离的计算
ch04.tex,向量代数和空间解析几何,第二节 空间解析几何,球面、柱面、旋转曲面方程的求解
ch04.tex,向量代数和空间解析几何,第二节 空间解析几何,二次曲面图形的识别
ch04.tex,向量代数和空间解析几何,第二节 空间解析几何,空间曲线在坐标面上的投影曲线方程求解
ch04.tex,向量代数和空间解析几何,第二节 空间解析几何,平面与直线的交点计算
ch04.tex,向量代数和空间解析几何,第二节 空间解析几何,旋转曲面的生成与方程推导
ch04.tex,向量代数和空间解析几何,第二节 空间解析几何,空间曲线的参数方程转化与应用
ch04.tex,向量代数和空间解析几何,第二节 空间解析几何,二次曲面的切平面方程求解
ch05.tex,多元函数微分学,第一节 多元函数的概念与极限连续,二元函数的定义域求解
ch05.tex,多元函数微分学,第一节 多元函数的概念与极限连续,二元函数极限的存在性判断与计算
ch05.tex,多元函数微分学,第一节 多元函数的概念与极限连续,多元函数连续性的判断
ch05.tex,多元函数微分学,第一节 多元函数的概念与极限连续,有界闭区域上多元连续函数性质的应用
ch05.tex,多元函数微分学,第一节 多元函数的概念与极限连续,二元函数极限不存在的证明
ch05.tex,多元函数微分学,第一节 多元函数的概念与极限连续,含参数多元函数的连续性讨论
ch05.tex,多元函数微分学,第一节 多元函数的概念与极限连续,利用多元连续函数性质证明方程根的存在性
ch05.tex,多元函数微分学,第二节 偏导数与全微分,偏导数（一阶、二阶）的计算
ch05.tex,多元函数微分学,第二节 偏导数与全微分,全微分的计算与全微分存在性判断
ch05.tex,多元函数微分学,第二节 偏导数与全微分,多元复合函数求导（含抽象函数）
ch05.tex,多元函数微分学,第二节 偏导数与全微分,隐函数求导（方程和方程组确定的隐函数）
ch05.tex,多元函数微分学,第二节 偏导数与全微分,方向导数与梯度的计算
ch05.tex,多元函数微分学,第二节 偏导数与全微分,空间曲线的切线和法平面方程求解
ch05.tex,多元函数微分学,第二节 偏导数与全微分,曲面的切平面和法线方程求解
ch05.tex,多元函数微分学,第二节 偏导数与全微分,抽象复合函数的高阶偏导数计算
ch05.tex,多元函数微分学,第二节 偏导数与全微分,隐函数组的偏导数计算
ch05.tex,多元函数微分学,第二节 偏导数与全微分,梯度的几何意义应用（求函数增长最快方向）
ch05.tex,多元函数微分学,第二节 偏导数与全微分,全微分在近似计算中的应用
ch05.tex,多元函数微分学,第二节 偏导数与全微分,含参数的多元函数偏导数讨论
ch05.tex,多元函数微分学,第二节 偏导数与全微分,二元函数二阶泰勒公式的应用
ch05.tex,多元函数微分学,第三节 多元函数的极值与最值,多元函数极值的判定与求解
ch05.tex,多元函数微分学,第三节 多元函数的极值与最值,多元函数在有界闭区域上的最大值与最小值求解
ch05.tex,多元函数微分学,第三节 多元函数的极值与最值,条件极值的求解（拉格朗日乘数法）
ch05.tex,多元函数微分学,第三节 多元函数的极值与最值,多元函数极值的应用
ch05.tex,多元函数微分学,第三节 多元函数的极值与最值,含参数多元函数的极值讨论
ch05.tex,多元函数微分学,第三节 多元函数的极值与最值,利用极值证明不等式
ch05.tex,多元函数微分学,第三节 多元函数的极值与最值,多约束条件下的条件极值求解
ch05.tex,多元函数微分学,第三节 多元函数的极值与最值,极值点的充分条件与必要条件综合应用
ch06.tex,多元函数积分学,第一节 二重积分,二重积分的性质应用
ch06.tex,多元函数积分学,第一节 二重积分,直角坐标下二重积分的计算
ch06.tex,多元函数积分学,第一节 二重积分,极坐标下二重积分的计算
ch06.tex,多元函数积分学,第一节 二重积分,二重积分的对称性应用
ch06.tex,多元函数积分学,第一节 二重积分,二重积分的应用
ch06.tex,多元函数积分学,第一节 二重积分,二重积分的交换积分次序
ch06.tex,多元函数积分学,第一节 二重积分,含绝对值、分段函数的二重积分计算
ch06.tex,多元函数积分学,第一节 二重积分,利用二重积分证明不等式
ch06.tex,多元函数积分学,第一节 二重积分,二重积分的近似计算思想应用
ch06.tex,多元函数积分学,第一节 二重积分,有界区域面积的二重积分计算（含不规则区域）
ch06.tex,多元函数积分学,第一节 二重积分,利用二重积分计算旋转体体积的综合问题
ch06.tex,多元函数积分学,第二节 三重积分,三重积分的计算（直角坐标、柱坐标、球坐标）
ch06.tex,多元函数积分学,第二节 三重积分,三重积分的对称性应用
ch06.tex,多元函数积分学,第二节 三重积分,三重积分的应用
ch06.tex,多元函数积分学,第二节 三重积分,三重积分的交换积分次序
ch06.tex,多元函数积分学,第二节 三重积分,含抽象函数的三重积分计算
ch06.tex,多元函数积分学,第二节 三重积分,利用三重积分求物体的转动惯量
ch06.tex,多元函数积分学,第二节 三重积分,不规则空间区域的三重积分计算（分割区域）
ch06.tex,多元函数积分学,第二节 三重积分,利用三重积分求解引力相关问题
ch06.tex,多元函数积分学,第三节 曲线积分,对弧长的曲线积分计算
ch06.tex,多元函数积分学,第三节 曲线积分,对坐标的曲线积分计算
ch06.tex,多元函数积分学,第三节 曲线积分,格林公式的应用
ch06.tex,多元函数积分学,第三节 曲线积分,平面曲线积分与路径无关的判断与应用
ch06.tex,多元函数积分学,第三节 曲线积分,二元函数的全微分求积
ch06.tex,多元函数积分学,第三节 曲线积分,格林公式在非单连通区域的应用
ch06.tex,多元函数积分学,第三节 曲线积分,对弧长曲线积分的对称性应用
ch06.tex,多元函数积分学,第三节 曲线积分,含奇点的曲线积分计算（挖去奇点法）
ch06.tex,多元函数积分学,第三节 曲线积分,曲线积分的物理应用（变力沿曲线做功）
ch06.tex,多元函数积分学,第三节 曲线积分,全微分方程的求解
ch06.tex,多元函数积分学,第四节 曲面积分,对面积的曲面积分计算
ch06.tex,多元函数积分学,第四节 曲面积分,对坐标的曲面积分计算
ch06.tex,多元函数积分学,第四节 曲面积分,高斯公式的应用
ch06.tex,多元函数积分学,第四节 曲面积分,斯托克斯公式的应用
ch06.tex,多元函数积分学,第四节 曲面积分,散度与旋度的计算
ch06.tex,多元函数积分学,第四节 曲面积分,高斯公式在非闭合曲面的应用（补面法）
ch06.tex,多元函数积分学,第四节 曲面积分,对面积曲面积分的对称性应用
ch06.tex,多元函数积分学,第四节 曲面积分,含奇点的曲面积分计算
ch06.tex,多元函数积分学,第四节 曲面积分,散度与旋度的物理意义应用
ch06.tex,多元函数积分学,第四节 曲面积分,斯托克斯公式与曲线积分的综合应用
ch06.tex,多元函数积分学,第四节 曲面积分,通量与环流量的计算
ch07.tex,无穷级数,第一节 常数项级数的概念与性质,常数项级数收敛性的判断
ch07.tex,无穷级数,第一节 常数项级数的概念与性质,利用级数性质判断收敛性
ch07.tex,无穷级数,第一节 常数项级数的概念与性质,级数收敛必要条件的应用
ch07.tex,无穷级数,第一节 常数项级数的概念与性质,利用级数收敛性判断数列极限
ch07.tex,无穷级数,第一节 常数项级数的概念与性质,含参数级数的收敛性讨论
ch07.tex,无穷级数,第一节 常数项级数的概念与性质,级数敛散性的反例构造
ch07.tex,无穷级数,第二节 常数项级数的审敛法,正项级数的审敛
ch07.tex,无穷级数,第二节 常数项级数的审敛法,交错级数的审敛（莱布尼茨判别法）
ch07.tex,无穷级数,第二节 常数项级数的审敛法,绝对收敛与条件收敛的判断
ch07.tex,无穷级数,第二节 常数项级数的审敛法,正项级数审敛法的综合应用（比较与比值结合）
ch07.tex,无穷级数,第二节 常数项级数的审敛法,交错级数余项的估计
ch07.tex,无穷级数,第二节 常数项级数的审敛法,任意项级数的敛散性判断
ch07.tex,无穷级数,第二节 常数项级数的审敛法,含参数级数的绝对收敛与条件收敛判断
ch07.tex,无穷级数,第三节 幂级数,幂级数收敛半径、收敛区间、收敛域的求解
ch07.tex,无穷级数,第三节 幂级数,幂级数和函数的求解
ch07.tex,无穷级数,第三节 幂级数,函数的幂级数展开
ch07.tex,无穷级数,第三节 幂级数,幂级数在收敛域内的逐项求导与逐项积分应用
ch07.tex,无穷级数,第三节 幂级数,含参数幂级数的收敛域求解
ch07.tex,无穷级数,第三节 幂级数,利用幂级数和函数求解常数项级数的和
ch07.tex,无穷级数,第三节 幂级数,函数的幂级数展开在近似计算中的应用
ch07.tex,无穷级数,第三节 幂级数,幂级数的四则运算应用
ch07.tex,无穷级数,第三节 幂级数,幂级数复合运算的收敛域求解
ch07.tex,无穷级数,第四节 傅里叶级数,傅里叶系数的计算
ch07.tex,无穷级数,第四节 傅里叶级数,傅里叶级数的收敛性判断（狄利克雷定理应用）
ch07.tex,无穷级数,第四节 傅里叶级数,函数的傅里叶级数展开（正弦级数、余弦级数）
ch07.tex,无穷级数,第四节 傅里叶级数,利用傅里叶级数求常数项级数的和
ch07.tex,无穷级数,第四节 傅里叶级数,非周期函数的周期延拓与傅里叶展开
ch07.tex,无穷级数,第四节 傅里叶级数,傅里叶级数在特定点的收敛值计算
ch08.tex,常微分方程,第一节 微分方程的基本概念,微分方程的阶、解、通解、初始条件和特解的判定
ch08.tex,常微分方程,第一节 微分方程的基本概念,验证微分方程的解
ch08.tex,常微分方程,第一节 微分方程的基本概念,根据几何或物理应用建立微分方程
ch08.tex,常微分方程,第二节 一阶微分方程,变量可分离的微分方程
ch08.tex,常微分方程,第二节 一阶微分方程,齐次微分方程
ch08.tex,常微分方程,第二节 一阶微分方程,一阶线性微分方程
ch08.tex,常微分方程,第二节 一阶微分方程,伯努利（Bernoulli）方程
ch08.tex,常微分方程,第二节 一阶微分方程,全微分方程
ch08.tex,常微分方程,第二节 一阶微分方程,可化为一阶微分方程的类型
ch08.tex,常微分方程,第二节 一阶微分方程,一阶微分方程的应用问题
ch08.tex,常微分方程,第三节 高阶微分方程,可降阶的高阶微分方程：$y^{(n)
ch08.tex,常微分方程,第三节 高阶微分方程,线性微分方程解的性质及解的结构定理
ch08.tex,常微分方程,第三节 高阶微分方程,二阶常系数齐次线性微分方程
ch08.tex,常微分方程,第三节 高阶微分方程,高于二阶的某些常系数齐次线性微分方程（仅数学一、二）
ch08.tex,常微分方程,第三节 高阶微分方程,二阶常系数非齐次线性微分方程
ch08.tex,常微分方程,第三节 高阶微分方程,欧拉（Euler）方程（仅数学一）
ch08.tex,常微分方程,第四节 微分方程的应用,利用微分方程解决几何问题
ch08.tex,常微分方程,第四节 微分方程的应用,利用微分方程解决物理问题
ch08.tex,常微分方程,第四节 微分方程的应用,利用微分方程解决经济问题（仅数学三）
ch09.tex,行列式,第一节 行列式的概念与性质,行列式的概念与几何意义
ch09.tex,行列式,第一节 行列式的概念与性质,行列式的基本性质
ch09.tex,行列式,第一节 行列式的概念与性质,行列式的展开定理
ch09.tex,行列式,第一节 行列式的概念与性质,低阶行列式的计算
ch09.tex,行列式,第一节 行列式的概念与性质,特殊行列式的计算（三角行列式、对角行列式）
ch09.tex,行列式,第二节 行列式的计算,高阶行列式的计算（降阶法、递推法、数学归纳法）
ch09.tex,行列式,第二节 行列式的计算,范德蒙德行列式
ch09.tex,行列式,第二节 行列式的计算,爪型行列式
ch09.tex,行列式,第二节 行列式的计算,分块行列式
ch09.tex,行列式,第二节 行列式的计算,含参数行列式的计算
ch09.tex,行列式,第二节 行列式的计算,利用行列式性质化简计算
ch09.tex,行列式,第三节 行列式的应用,克拉默法则的应用
ch09.tex,行列式,第三节 行列式的应用,利用行列式判断矩阵可逆性
ch09.tex,行列式,第三节 行列式的应用,伴随矩阵与行列式的关系
ch09.tex,行列式,第三节 行列式的应用,行列式在解线性方程组中的应用
ch09.tex,行列式,第三节 行列式的应用,行列式在求矩阵特征值中的应用
ch10.tex,矩阵,第一节 矩阵的概念与运算,矩阵的基本概念（零矩阵、单位矩阵、对角矩阵、三角矩阵、对称矩阵、反对称矩阵）
ch10.tex,矩阵,第一节 矩阵的概念与运算,矩阵的线性运算（加法、数乘）
ch10.tex,矩阵,第一节 矩阵的概念与运算,矩阵的乘法
ch10.tex,矩阵,第一节 矩阵的概念与运算,矩阵的转置
ch10.tex,矩阵,第一节 矩阵的概念与运算,方阵的幂
ch10.tex,矩阵,第一节 矩阵的概念与运算,方阵乘积的行列式
ch10.tex,矩阵,第一节 矩阵的概念与运算,分块矩阵的运算
ch10.tex,矩阵,第二节 逆矩阵,逆矩阵的概念和性质
ch10.tex,矩阵,第二节 逆矩阵,矩阵可逆的充分必要条件
ch10.tex,矩阵,第二节 逆矩阵,伴随矩阵的概念和性质
ch10.tex,矩阵,第二节 逆矩阵,用伴随矩阵求逆矩阵
ch10.tex,矩阵,第二节 逆矩阵,用初等变换求逆矩阵
ch10.tex,矩阵,第二节 逆矩阵,解矩阵方程
ch10.tex,矩阵,第三节 初等变换与初等矩阵,矩阵的初等变换
ch10.tex,矩阵,第三节 初等变换与初等矩阵,初等矩阵的概念和性质
ch10.tex,矩阵,第三节 初等变换与初等矩阵,初等变换与初等矩阵的关系
ch10.tex,矩阵,第三节 初等变换与初等矩阵,用初等变换求矩阵的秩
ch10.tex,矩阵,第三节 初等变换与初等矩阵,矩阵等价的概念和性质
ch10.tex,矩阵,第三节 初等变换与初等矩阵,用初等变换求解线性方程组
ch10.tex,矩阵,第四节 矩阵的秩,矩阵秩的概念
ch10.tex,矩阵,第四节 矩阵的秩,矩阵秩的性质
ch10.tex,矩阵,第四节 矩阵的秩,用初等变换求矩阵的秩
ch10.tex,矩阵,第四节 矩阵的秩,矩阵秩与行列式的关系
ch10.tex,矩阵,第四节 矩阵的秩,矩阵秩在解线性方程组中的应用
ch11.tex,向量,第一节 向量的概念与线性运算,向量的线性运算
ch11.tex,向量,第一节 向量的概念与线性运算,向量的线性组合与线性表示判断
ch11.tex,向量,第一节 向量的概念与线性运算,求解线性表示的系数
ch11.tex,向量,第一节 向量的概念与线性运算,向量组的线性表示与矩阵秩的关系应用
ch11.tex,向量,第一节 向量的概念与线性运算,含参数向量的线性表示讨论
ch11.tex,向量,第一节 向量的概念与线性运算,多个向量线性表示的综合问题
ch11.tex,向量,第一节 向量的概念与线性运算,向量线性表示的证明题
ch11.tex,向量,第二节 向量组的线性相关性,向量组线性相关性的判断
ch11.tex,向量,第二节 向量组的线性相关性,向量组秩的计算与极大线性无关组的求解
ch11.tex,向量,第二节 向量组的线性相关性,线性相关性判定定理的应用
ch11.tex,向量,第二节 向量组的线性相关性,含参数向量组的线性相关性讨论
ch11.tex,向量,第二节 向量组的线性相关性,向量组秩的不等式应用
ch11.tex,向量,第二节 向量组的线性相关性,极大线性无关组的扩充与应用
ch11.tex,向量,第二节 向量组的线性相关性,线性相关性的证明题（如证明线性无关向量组的变形仍无关）
ch11.tex,向量,第二节 向量组的线性相关性,向量组等价与秩的关系应用
ch11.tex,向量,第三节 向量空间,向量空间基与维数的求解
ch11.tex,向量,第三节 向量空间,向量在基下的坐标计算
ch11.tex,向量,第三节 向量空间,基变换与坐标变换
ch11.tex,向量,第三节 向量空间,规范正交基的构造（施密特正交化）
ch11.tex,向量,第三节 向量空间,过渡矩阵的计算与应用
ch11.tex,向量,第三节 向量空间,子空间的基与维数求解
ch11.tex,向量,第三节 向量空间,施密特正交化的综合应用
ch11.tex,向量,第三节 向量空间,向量空间同构的判断
ch11.tex,向量,第三节 向量空间,向量内积的计算与正交性判断
ch12.tex,线性方程组,第一节 线性方程组的基本概念,线性方程组的矩阵形式与向量形式转化
ch12.tex,线性方程组,第一节 线性方程组的基本概念,线性方程组解的验证
ch12.tex,线性方程组,第一节 线性方程组的基本概念,线性方程组与向量组线性表示的关系应用
ch12.tex,线性方程组,第一节 线性方程组的基本概念,含参数线性方程组的表示形式转化
ch12.tex,线性方程组,第一节 线性方程组的基本概念,齐次与非齐次线性方程组的表示形式关联
ch12.tex,线性方程组,第二节 线性方程组的解的判定,齐次线性方程组有非零解的判断与基础解系求解
ch12.tex,线性方程组,第二节 线性方程组的解的判定,非齐次线性方程组有解的判断与通解求解
ch12.tex,线性方程组,第二节 线性方程组的解的判定,线性方程组解的存在性与向量组线性相关性的关系
ch12.tex,线性方程组,第二节 线性方程组的解的判定,含参数线性方程组解的存在性讨论
ch12.tex,线性方程组,第二节 线性方程组的解的判定,基础解系的性质应用（如证明基础解系线性无关）
ch12.tex,线性方程组,第二节 线性方程组的解的判定,非齐次线性方程组解的结构应用（通解的构造）
ch12.tex,线性方程组,第二节 线性方程组的解的判定,两个线性方程组同解或公共解的求解
ch12.tex,线性方程组,第二节 线性方程组的解的判定,线性方程组解的空间维数计算
ch12.tex,线性方程组,第三节 线性方程组的应用,含参数线性方程组的求解
ch12.tex,线性方程组,第三节 线性方程组的应用,线性方程组解的几何意义应用
ch12.tex,线性方程组,第三节 线性方程组的应用,含参数线性方程组解的情况分类讨论
ch12.tex,线性方程组,第三节 线性方程组的应用,利用线性方程组求解向量线性表示问题
ch12.tex,线性方程组,第三节 线性方程组的应用,线性方程组在几何中的应用（如求平面交点、直线位置关系）
ch12.tex,线性方程组,第三节 线性方程组的应用,线性方程组解的应用证明题
ch13.tex,矩阵的特征值和特征向量,第一节 特征值与特征向量的概念与性质,矩阵特征值与特征向量的求解
ch13.tex,矩阵的特征值和特征向量,第一节 特征值与特征向量的概念与性质,特征值与特征向量性质的应用
ch13.tex,矩阵的特征值和特征向量,第一节 特征值与特征向量的概念与性质,特征方程与特征多项式的求解
ch13.tex,矩阵的特征值和特征向量,第一节 特征值与特征向量的概念与性质,含参数矩阵的特征值与特征向量求解
ch13.tex,矩阵的特征值和特征向量,第一节 特征值与特征向量的概念与性质,抽象矩阵的特征值与特征向量求解
ch13.tex,矩阵的特征值和特征向量,第一节 特征值与特征向量的概念与性质,特征值与矩阵秩的关系应用
ch13.tex,矩阵的特征值和特征向量,第一节 特征值与特征向量的概念与性质,特征向量的线性无关性证明
ch13.tex,矩阵的特征值和特征向量,第一节 特征值与特征向量的概念与性质,利用特征值判断矩阵可逆性
ch13.tex,矩阵的特征值和特征向量,第二节 相似矩阵与矩阵的对角化,相似矩阵的判断与性质应用
ch13.tex,矩阵的特征值和特征向量,第二节 相似矩阵与矩阵的对角化,矩阵可对角化的判断与对角化过程
ch13.tex,矩阵的特征值和特征向量,第二节 相似矩阵与矩阵的对角化,实对称矩阵的对角化
ch13.tex,矩阵的特征值和特征向量,第二节 相似矩阵与矩阵的对角化,利用相似矩阵求方阵的幂
ch13.tex,矩阵的特征值和特征向量,第二节 相似矩阵与矩阵的对角化,含参数矩阵的可对角化判断
ch13.tex,矩阵的特征值和特征向量,第二节 相似矩阵与矩阵的对角化,相似矩阵与特征值的关系应用
ch13.tex,矩阵的特征值和特征向量,第二节 相似矩阵与矩阵的对角化,实对称矩阵特征向量的正交性应用
ch13.tex,矩阵的特征值和特征向量,第二节 相似矩阵与矩阵的对角化,矩阵对角化的应用（如求解线性微分方程组）
ch13.tex,矩阵的特征值和特征向量,第二节 相似矩阵与矩阵的对角化,相似变换矩阵的求解
ch14.tex,二次型,第一节 二次型的概念与标准形,二次型的矩阵表示
ch14.tex,二次型,第一节 二次型的概念与标准形,合同矩阵的判断
ch14.tex,二次型,第一节 二次型的概念与标准形,配方法化二次型为标准形
ch14.tex,二次型,第一节 二次型的概念与标准形,正交变换法化二次型为标准形
ch14.tex,二次型,第一节 二次型的概念与标准形,含参数二次型的标准形求解
ch14.tex,二次型,第一节 二次型的概念与标准形,二次型的秩与标准形的关系应用
ch14.tex,二次型,第一节 二次型的概念与标准形,合同变换矩阵的求解
ch14.tex,二次型,第一节 二次型的概念与标准形,二次型的规范形求解
ch14.tex,二次型,第一节 二次型的概念与标准形,正交变换法化二次型的综合应用（含几何意义）
ch14.tex,二次型,第二节 正定二次型,正定二次型的判定
ch14.tex,二次型,第二节 正定二次型,正定矩阵的判定与性质应用
ch14.tex,二次型,第二节 正定二次型,含参数二次型的正定性判断
ch14.tex,二次型,第二节 正定二次型,正定矩阵的证明题
ch14.tex,二次型,第二节 正定二次型,利用正定性证明不等式
ch14.tex,二次型,第二节 正定二次型,正定二次型与实对称矩阵对角化的关系应用
ch14.tex,二次型,第二节 正定二次型,二次型正定性的必要条件应用
ch15.tex,随机事件和概率,第一节 随机事件及其运算,事件间关系的判断与运算
ch15.tex,随机事件和概率,第一节 随机事件及其运算,利用事件运算律化简事件表达式
ch15.tex,随机事件和概率,第一节 随机事件及其运算,事件的互斥、对立关系应用
ch15.tex,随机事件和概率,第一节 随机事件及其运算,复杂事件的表达式构造
ch15.tex,随机事件和概率,第一节 随机事件及其运算,事件运算律的证明题
ch15.tex,随机事件和概率,第二节 概率的定义与性质,古典概型概率计算
ch15.tex,随机事件和概率,第二节 概率的定义与性质,几何概型概率计算
ch15.tex,随机事件和概率,第二节 概率的定义与性质,条件概率的计算
ch15.tex,随机事件和概率,第二节 概率的定义与性质,加法公式、乘法公式的应用
ch15.tex,随机事件和概率,第二节 概率的定义与性质,全概率公式与贝叶斯公式的应用
ch15.tex,随机事件和概率,第二节 概率的定义与性质,古典概型中的排列组合综合应用
ch15.tex,随机事件和概率,第二节 概率的定义与性质,几何概型中多维空间的概率计算
ch15.tex,随机事件和概率,第二节 概率的定义与性质,全概率公式的多阶段问题应用
ch15.tex,随机事件和概率,第二节 概率的定义与性质,贝叶斯公式在决策问题中的应用
ch15.tex,随机事件和概率,第二节 概率的定义与性质,概率的不等式应用（如单调性、有界性）
ch15.tex,随机事件和概率,第三节 事件的独立性,事件独立性的判断
ch15.tex,随机事件和概率,第三节 事件的独立性,独立事件概率的计算
ch15.tex,随机事件和概率,第三节 事件的独立性,伯努利概型的概率计算
ch15.tex,随机事件和概率,第三节 事件的独立性,多个事件独立性的判断
ch15.tex,随机事件和概率,第三节 事件的独立性,独立重复试验的综合问题
ch15.tex,随机事件和概率,第三节 事件的独立性,伯努利概型中最可能成功次数的求解
ch15.tex,随机事件和概率,第三节 事件的独立性,独立性与互斥性的关系辨析
ch16.tex,随机变量及其分布,第一节 随机变量的概念与分布函数,分布函数的性质应用
ch16.tex,随机变量及其分布,第一节 随机变量的概念与分布函数,利用分布函数求概率
ch16.tex,随机变量及其分布,第一节 随机变量的概念与分布函数,分布函数的判定（验证是否满足性质）
ch16.tex,随机变量及其分布,第一节 随机变量的概念与分布函数,含参数分布函数的求解与讨论
ch16.tex,随机变量及其分布,第一节 随机变量的概念与分布函数,分布函数与随机变量类型的关系判断
ch16.tex,随机变量及其分布,第二节 离散型随机变量,离散型随机变量分布律的求解与验证
ch16.tex,随机变量及其分布,第二节 离散型随机变量,常见离散型分布的概率计算
ch16.tex,随机变量及其分布,第二节 离散型随机变量,由分布律求分布函数
ch16.tex,随机变量及其分布,第二节 离散型随机变量,含参数离散型随机变量的分布律求解
ch16.tex,随机变量及其分布,第二节 离散型随机变量,离散型随机变量函数的分布求解
ch16.tex,随机变量及其分布,第二节 离散型随机变量,常见离散型分布的应用问题（如二项分布的次数计算）
ch16.tex,随机变量及其分布,第二节 离散型随机变量,离散型随机变量的期望与方差结合计算
ch16.tex,随机变量及其分布,第三节 连续型随机变量,连续型随机变量概率密度的性质应用
ch16.tex,随机变量及其分布,第三节 连续型随机变量,常见连续型分布的概率计算
ch16.tex,随机变量及其分布,第三节 连续型随机变量,由概率密度求分布函数
ch16.tex,随机变量及其分布,第三节 连续型随机变量,随机变量函数的分布
ch16.tex,随机变量及其分布,第三节 连续型随机变量,含参数连续型随机变量的概率密度求解
ch16.tex,随机变量及其分布,第三节 连续型随机变量,连续型随机变量的期望与方差结合计算
ch16.tex,随机变量及其分布,第三节 连续型随机变量,常见连续型分布的性质应用（如正态分布的对称性）
ch16.tex,随机变量及其分布,第三节 连续型随机变量,连续型随机变量的分位数计算
ch16.tex,随机变量及其分布,第三节 连续型随机变量,随机变量函数分布的综合问题（如分段函数）
ch17.tex,多维随机变量及其分布,第一节 二维随机变量的联合分布,二维离散型随机变量联合分布律、边缘分布律的求解
ch17.tex,多维随机变量及其分布,第一节 二维随机变量的联合分布,二维连续型随机变量联合概率密度、边缘概率密度的求解
ch17.tex,多维随机变量及其分布,第一节 二维随机变量的联合分布,条件分布的计算（离散型、连续型）
ch17.tex,多维随机变量及其分布,第一节 二维随机变量的联合分布,联合分布函数的应用
ch17.tex,多维随机变量及其分布,第一节 二维随机变量的联合分布,含参数二维随机变量的联合分布求解
ch17.tex,多维随机变量及其分布,第一节 二维随机变量的联合分布,二维随机变量的联合分布与边缘分布的关系应用
ch17.tex,多维随机变量及其分布,第一节 二维随机变量的联合分布,二维连续型随机变量的联合分布函数与概率密度的转化
ch17.tex,多维随机变量及其分布,第一节 二维随机变量的联合分布,条件概率密度的性质应用
ch17.tex,多维随机变量及其分布,第一节 二维随机变量的联合分布,二维随机变量在特定区域内的概率计算
ch17.tex,多维随机变量及其分布,第一节 二维随机变量的联合分布,二维均匀分布、二维正态分布的概率计算与性质应用
ch17.tex,多维随机变量及其分布,第二节 随机变量的独立性,二维随机变量独立性的判断
ch17.tex,多维随机变量及其分布,第二节 随机变量的独立性,利用独立性计算概率
ch17.tex,多维随机变量及其分布,第二节 随机变量的独立性,独立随机变量的性质应用
ch17.tex,多维随机变量及其分布,第二节 随机变量的独立性,含参数二维随机变量的独立性判断
ch17.tex,多维随机变量及其分布,第二节 随机变量的独立性,多个独立随机变量的联合分布求解
ch17.tex,多维随机变量及其分布,第二节 随机变量的独立性,独立性与分布函数、概率密度的关系应用
ch17.tex,多维随机变量及其分布,第二节 随机变量的独立性,独立随机变量函数的分布求解
ch17.tex,多维随机变量及其分布,第三节 二维随机变量函数的分布,二维离散型随机变量函数的分布求解
ch17.tex,多维随机变量及其分布,第三节 二维随机变量函数的分布,二维连续型随机变量和分布的计算（卷积公式应用）
ch17.tex,多维随机变量及其分布,第三节 二维随机变量函数的分布,二维随机变量其他函数（积、商）分布的计算
ch17.tex,多维随机变量及其分布,第三节 二维随机变量函数的分布,二维随机变量最大值、最小值分布的求解
ch17.tex,多维随机变量及其分布,第三节 二维随机变量函数的分布,含参数二维随机变量函数的分布求解
ch17.tex,多维随机变量及其分布,第三节 二维随机变量函数的分布,独立二维随机变量函数的分布求解
ch17.tex,多维随机变量及其分布,第三节 二维随机变量函数的分布,二维随机变量函数分布的综合应用（如概率计算）
ch18.tex,随机变量的数字特征,第一节 数学期望,数学期望的计算（离散型、连续型）
ch18.tex,随机变量的数字特征,第一节 数学期望,数学期望性质的应用
ch18.tex,随机变量的数字特征,第一节 数学期望,随机变量函数的数学期望计算
ch18.tex,随机变量的数字特征,第一节 数学期望,常见分布数学期望的应用
ch18.tex,随机变量的数字特征,第一节 数学期望,二维随机变量的数学期望计算
ch18.tex,随机变量的数字特征,第一节 数学期望,数学期望的不等式应用（如柯西-施瓦茨不等式）
ch18.tex,随机变量的数字特征,第一节 数学期望,含参数随机变量的数学期望求解
ch18.tex,随机变量的数字特征,第一节 数学期望,数学期望在实际问题中的应用（如收益期望）
ch18.tex,随机变量的数字特征,第二节 方差与协方差,方差的计算
ch18.tex,随机变量的数字特征,第二节 方差与协方差,协方差与相关系数的计算
ch18.tex,随机变量的数字特征,第二节 方差与协方差,相关系数的性质应用
ch18.tex,随机变量的数字特征,第二节 方差与协方差,常见分布方差的应用
ch18.tex,随机变量的数字特征,第二节 方差与协方差,二维随机变量的方差、协方差计算
ch18.tex,随机变量的数字特征,第二节 方差与协方差,方差的性质综合应用（如独立变量方差可加性）
ch18.tex,随机变量的数字特征,第二节 方差与协方差,相关系数与独立性的关系辨析
ch18.tex,随机变量的数字特征,第二节 方差与协方差,含参数随机变量的方差、协方差求解
ch18.tex,随机变量的数字特征,第二节 方差与协方差,协方差矩阵的计算与应用
ch18.tex,随机变量的数字特征,第二节 方差与协方差,原点矩与中心矩的计算
ch18.tex,随机变量的数字特征,第二节 方差与协方差,利用方差进行风险评估的应用问题
ch18.tex,随机变量的数字特征,第二节 方差与协方差,利用方差进行风险评估的应用问题
ch19.tex,大数定律和中心极限定理,第一节 大数定律,切比雪夫不等式的应用
ch19.tex,大数定律和中心极限定理,第一节 大数定律,大数定律的理解与应用
ch19.tex,大数定律和中心极限定理,第一节 大数定律,利用切比雪夫不等式估计概率
ch19.tex,大数定律和中心极限定理,第一节 大数定律,大数定律在实际问题中的应用（如频率估计概率）
ch19.tex,大数定律和中心极限定理,第一节 大数定律,切比雪夫大数定律的条件验证
ch19.tex,大数定律和中心极限定理,第一节 大数定律,辛钦大数定律的应用（如样本均值估计期望）
ch19.tex,大数定律和中心极限定理,第二节 中心极限定理,利用列维-林德伯格中心极限定理近似计算概率
ch19.tex,大数定律和中心极限定理,第二节 中心极限定理,利用棣莫弗-拉普拉斯中心极限定理近似计算二项分布的概率
ch19.tex,大数定律和中心极限定理,第二节 中心极限定理,中心极限定理的适用条件判断
ch19.tex,大数定律和中心极限定理,第二节 中心极限定理,中心极限定理在实际问题中的应用（如抽样估计）
ch19.tex,大数定律和中心极限定理,第二节 中心极限定理,多个独立随机变量和的概率近似计算
ch19.tex,大数定律和中心极限定理,第二节 中心极限定理,中心极限定理与大数定律的综合应用
ch20.tex,数理统计的基本概念,第一节 总体、个体与样本,简单随机样本的判定与性质应用
ch20.tex,数理统计的基本概念,第一节 总体、个体与样本,样本函数的构造与计算
ch20.tex,数理统计的基本概念,第一节 总体、个体与样本,样本空间的确定
ch20.tex,数理统计的基本概念,第一节 总体、个体与样本,样本均值、样本方差的初步计算
ch20.tex,数理统计的基本概念,第一节 总体、个体与样本,简单随机样本的独立性应用
ch20.tex,数理统计的基本概念,第一节 总体、个体与样本,样本观测值的整理与应用
ch20.tex,数理统计的基本概念,第二节 统计量及其分布,统计量的判定
ch20.tex,数理统计的基本概念,第二节 统计量及其分布,样本均值、样本方差等常用统计量的计算
ch20.tex,数理统计的基本概念,第二节 统计量及其分布,三大抽样分布的判定与性质应用
ch20.tex,数理统计的基本概念,第二节 统计量及其分布,正态总体下抽样分布定理的应用
ch20.tex,数理统计的基本概念,第二节 统计量及其分布,统计量的分布求解
ch20.tex,数理统计的基本概念,第二节 统计量及其分布,三大抽样分布的分位数计算与应用
ch20.tex,数理统计的基本概念,第二节 统计量及其分布,经验分布函数的构造与性质应用
ch21.tex,参数估计,第一节 点估计,矩估计法求解参数估计量
ch21.tex,参数估计,第一节 点估计,最大似然估计法求解参数估计量
ch21.tex,参数估计,第一节 点估计,估计量无偏性、有效性的判定
ch21.tex,参数估计,第一节 点估计,估计量一致性的判断
ch21.tex,参数估计,第二节 区间估计,正态总体均值的置信区间求解
ch21.tex,参数估计,第二节 区间估计,正态总体方差的置信区间求解
ch21.tex,参数估计,第二节 区间估计,正态总体均值差、方差比的置信区间求解
ch21.tex,参数估计,第二节 区间估计,置信水平与置信区间长度的关系判断
ch21.tex,参数估计,第二节 区间估计,单侧置信区间的求解与应用
ch22.tex,假设检验,第一节 假设检验的基本概念,原假设与备择假设的设定
ch22.tex,假设检验,第一节 假设检验的基本概念,第一类错误与第二类错误的理解与概率计算
ch22.tex,假设检验,第一节 假设检验的基本概念,检验统计量的构造
ch22.tex,假设检验,第二节 正态总体参数的假设检验,单个正态总体均值的假设检验
ch22.tex,假设检验,第二节 正态总体参数的假设检验,单个正态总体方差的假设检验
ch22.tex,假设检验,第二节 正态总体参数的假设检验,两个正态总体均值差、方差比的假设检验
ch22.tex,假设检验,第二节 正态总体参数的假设检验,假设检验的拒绝域求解
ch22.tex,假设检验,第二节 正态总体参数的假设检验,单侧假设检验的拒绝域构造与检验结论判断
